<?xml version="1.0" encoding="UTF-8"?>
<project-private xmlns="http://www.netbeans.org/ns/project-private/1">
    <editor-bookmarks xmlns="http://www.netbeans.org/ns/editor-bookmarks/2" lastBookmarkId="0"/>
    <open-files xmlns="http://www.netbeans.org/ns/projectui-open-files/2">
        <group>
            <file>file:/C:/Users/luis4/Downloads/ZGW/ZonaGamer5%20(2)/ZonaGamer5/ZonaGamer11/src/Formulario/Principal.java</file>
            <file>file:/C:/Users/luis4/Downloads/ZGW/ZonaGamer5%20(2)/ZonaGamer5/ZonaGamer11/src/Formulario/VentaInternal.java</file>
            <file>file:/C:/Users/luis4/Downloads/ZGW/ZonaGamer5%20(2)/ZonaGamer5/ZonaGamer11/src/Formulario/LoginView.java</file>
        </group>
    </open-files>
</project-private>
